Source,Target,Weight
YouTuber,abel hernández,1
YouTuber,addison,1
YouTuber,agustini,1
YouTuber,aitana,2
YouTuber,akinator,2
YouTuber,alberto,1
YouTuber,alex,1
YouTuber,alfa,1
YouTuber,alicia mary turiel,1
YouTuber,allison,1
YouTuber,alpha,1
YouTuber,alphasniper97,2
YouTuber,am,1
YouTuber,ana,2
YouTuber,ana mena,1
YouTuber,ana padilla,1
YouTuber,and peter,1
YouTuber,andrea,2
YouTuber,andrea andrián,1
YouTuber,andrew,1
YouTuber,anita,1
YouTuber,anita matamoros,1
YouTuber,ariana grande,3
YouTuber,asia,1
YouTuber,bach david,1
YouTuber,belgrado,1
YouTuber,bellido,1
YouTuber,bill white,1
YouTuber,billie eilish,1
YouTuber,bojan,1
YouTuber,borja,2
YouTuber,boy set,1
YouTuber,bravo,1
YouTuber,bro,1
YouTuber,bunny,1
YouTuber,bush,1
YouTuber,casi,1
YouTuber,cepeda,1
YouTuber,charlie,4
YouTuber,charlotte tílbury,2
YouTuber,charly,1
YouTuber,charly de infinito,1
YouTuber,chris,1
YouTuber,chris wyles,1
YouTuber,christina,1
YouTuber,coachella,4
YouTuber,costa,1
YouTuber,cristo,1
YouTuber,dafne,1
YouTuber,dalí,1
YouTuber,dani clos,1
YouTuber,daniel,6
YouTuber,daniel willington,2
YouTuber,david,2
YouTuber,david al alza,1
YouTuber,david davis,2
YouTuber,david díaz,1
YouTuber,david tang,1
YouTuber,davis,1
YouTuber,dax,1
YouTuber,demi moore,1
YouTuber,dewey quemón,1
YouTuber,dixie,1
YouTuber,dj liz,1
YouTuber,dulce,1
YouTuber,díaz,1
YouTuber,e ignacio,1
YouTuber,elena,1
YouTuber,elena anaya,1
YouTuber,ethan logan,1
YouTuber,gala_violin,1
YouTuber,gareth bale,1
YouTuber,gastón machín,1
YouTuber,golding,1
YouTuber,goya,1
YouTuber,grande,1
YouTuber,gref david,1
YouTuber,grefa,1
YouTuber,greiff,1
YouTuber,gres,1
YouTuber,hannah montana,1
YouTuber,harry styles,1
YouTuber,james charles,1
YouTuber,james franco,2
YouTuber,jay álvarez,1
YouTuber,jean louis david,1
YouTuber,jesús pérez,1
YouTuber,jmanzanophoto,1
YouTuber,jordan 9,1
YouTuber,josh smith,1
YouTuber,josé julio,1
YouTuber,josé luís,3
YouTuber,juan pastor,1
YouTuber,juanpa zurita,1
YouTuber,julia,1
YouTuber,justin bieber,2
YouTuber,katyn,1
YouTuber,kehumo,1
YouTuber,kendall jenner,1
YouTuber,kennedy jameson,1
YouTuber,kim cho,1
YouTuber,kylie jenner,10
YouTuber,laura,1
YouTuber,lea,1
YouTuber,libia ra web,1
YouTuber,libio,1
YouTuber,lidiiarauet,1
YouTuber,lille,1
YouTuber,lily,1
YouTuber,lily cross,1
YouTuber,logan,3
YouTuber,lohan,1
YouTuber,loren teresa andrés,1
YouTuber,luis,1
YouTuber,luis fonsi sebas,1
YouTuber,lópez,1
YouTuber,macarena,2
YouTuber,maddie zombie,1
YouTuber,madison,2
YouTuber,malú,1
YouTuber,manu,1
YouTuber,manuel,1
YouTuber,manzano,2
YouTuber,marc anthony,1
YouTuber,marca díaz,1
YouTuber,marco.pernas,1
YouTuber,mariah roberts,1
YouTuber,mario ruiz,1
YouTuber,marta díaz,381
YouTuber,marta grana,1
YouTuber,marta lozano,2
YouTuber,marta sahagún,1
YouTuber,marta vidal,1
YouTuber,martani,1
YouTuber,martddiaz,1
YouTuber,martino,1
YouTuber,martorell,1
YouTuber,martín,1
YouTuber,melody,1
YouTuber,mi hermano,2
YouTuber,michael jackson,1
YouTuber,mickey,2
YouTuber,mike towers,1
YouTuber,miki,1
YouTuber,miranda kerr,1
YouTuber,miriam,3
YouTuber,naimdarrechi,1
YouTuber,neus,1
YouTuber,nicholas sparks,1
YouTuber,nicki minaj,1
YouTuber,nicolás cage,1
YouTuber,noa,1
YouTuber,pablo,1
YouTuber,patrice,1
YouTuber,patrick antonieta,1
YouTuber,pau tips,1
YouTuber,pilar rubio,1
YouTuber,pyr,1
YouTuber,randolph,1
YouTuber,raquel,2
YouTuber,raquel rate,1
YouTuber,raquel reich,1
YouTuber,rebeca stones,1
YouTuber,rey,1
YouTuber,rocío,1
YouTuber,rocío camacho,1
YouTuber,rodar,1
YouTuber,rosa díaz,1
YouTuber,rosalía,8
YouTuber,rosana rosana zanetti,1
YouTuber,saleh ali saleh,1
YouTuber,salva,1
YouTuber,sandra,2
YouTuber,sandro,3
YouTuber,santa madre de,1
YouTuber,sara,1
YouTuber,sergio,101
YouTuber,sergio mayor,1
YouTuber,sergio pony,1
YouTuber,sergio ramos,1
YouTuber,sergio sá,1
YouTuber,sevilla,1
YouTuber,shooter,1
YouTuber,shutter,1
YouTuber,stalin,1
YouTuber,steve marta,1
YouTuber,suígueme,2
YouTuber,teresa,1
YouTuber,tony lópez,1
YouTuber,trish,1
YouTuber,tyler mis,1
YouTuber,tyler mist,1
YouTuber,tyler mí,1
YouTuber,valentina,1
YouTuber,vegetta,2
YouTuber,vicente zito,1
YouTuber,victoriacarotudela,1
YouTuber,vidal,1
YouTuber,vélez,1
YouTuber,wilder,1
YouTuber,wilders,1
YouTuber,will schuester,1
YouTuber,xavi,1
YouTuber,xavier bosch,1
YouTuber,yeray,1
