Source,Target,Weight
YouTuber,Marta,210
YouTuber,COACHELLA,3
YouTuber,MARTA DÍAZ,1
YouTuber,marta díaz,43
YouTuber,AKINATOR,2
YouTuber,CASI,1
YouTuber,ROSALÍA,2
YouTuber,Marta Diaz,3
YouTuber,ARIANA GRANDE,2
YouTuber,Logan,2
YouTuber,Marta Díaz,3
YouTuber,gala_violin,1
YouTuber,marco.pernas,1
YouTuber,kehumo,1
YouTuber,MartDdiaz,1
YouTuber,Marta SUÍGUEME,23
YouTuber,martaa_diiaz,33
YouTuber,martaa,18
YouTuber,diiaz,33
YouTuber,AITANA,1
YouTuber,SUÍGUEME,2
YouTuber,Marta SIGUEME,2
YouTuber,naimdarrechi,1
YouTuber,victoriacarotudela,1
YouTuber,lidiiarauet,1
YouTuber,jmanzanophoto,1
YouTuber,MARTA,1
YouTuber,DAVID,1
YouTuber,SARA,1
YouTuber,Bro,1
YouTuber,AlphaSniper97,2
YouTuber,Salva,1
YouTuber,Shooter,1
YouTuber,Alpha,1
YouTuber,MI HERMANO,2
YouTuber,PYR,1
YouTuber,Sergio,34
YouTuber,Costa,1
YouTuber,Julia,1
YouTuber,lea,1
YouTuber,Luis,1
YouTuber,Nicolás Cage,1
YouTuber,Michael Jackson,1
YouTuber,Valentina,1
YouTuber,Chris,1
YouTuber,Alex,1
YouTuber,Ana,2
YouTuber,Ana Mena,1
YouTuber,Macarena,2
YouTuber,Borja,1
YouTuber,Pablo,1
YouTuber,Alicia Mary turiel,1
YouTuber,Anita Matamoros,1
YouTuber,Ana Padilla,1
YouTuber,Laura,1
YouTuber,Sandra,2
YouTuber,Dafne,1
YouTuber,Marta Lozano,1
YouTuber,Loren Teresa Andrés,1
YouTuber,e Ignacio,1
YouTuber,Rosana Rosana zanetti,1
YouTuber,Melody,1
YouTuber,Teresa,1
YouTuber,Andrew,1
YouTuber,Justin Bieber,2
YouTuber,Miriam,1
YouTuber,Sandro,3
YouTuber,Andrea,2
YouTuber,Elena,1
YouTuber,yeray,1
YouTuber,sergio,67
YouTuber,kylie jenner,9
YouTuber,malú,1
YouTuber,miranda kerr,1
YouTuber,martín,1
YouTuber,rey,1
YouTuber,Dulce,1
YouTuber,Raquel,1
YouTuber,charlotte tílbury,2
YouTuber,patrice,1
YouTuber,Vidal,1
YouTuber,Charlie,4
YouTuber,Charly,1
YouTuber,Dixie,1
YouTuber,Noa,1
YouTuber,Bunny,1
YouTuber,James Charles,1
YouTuber,Harry Styles,1
YouTuber,Billie eilish,1
YouTuber,Kylie Jenner,1
YouTuber,dj liz,1
YouTuber,coachella,1
YouTuber,david davis,2
YouTuber,maddie zombie,1
YouTuber,mariah roberts,1
YouTuber,madison,2
YouTuber,kendall jenner,1
YouTuber,cristo,1
YouTuber,vicente zito,1
YouTuber,sergio sá,1
YouTuber,marca díaz,1
YouTuber,david,1
YouTuber,sergio mayor,1
YouTuber,greiff,1
YouTuber,trish,1
YouTuber,daniel willington,2
YouTuber,aitana,1
YouTuber,ariana grande,1
YouTuber,dani,2
YouTuber,miriam,2
YouTuber,mike towers,1
YouTuber,xavier bosch,1
YouTuber,elena anaya,1
YouTuber,luis fonsi sebas,1
YouTuber,santa madre de,1
YouTuber,manuel,1
YouTuber,díaz,1
YouTuber,andrea andrián,1
YouTuber,dewey quemón,1
YouTuber,gastón machín,1
YouTuber,libio,1
YouTuber,and peter,1
YouTuber,am,1
YouTuber,marta,11
YouTuber,demi moore,1
YouTuber,borja,1
YouTuber,gareth bale,1
YouTuber,manu,1
YouTuber,bojan,1
YouTuber,martani,1
YouTuber,sergio pony,1
YouTuber,patrick antonieta,1
YouTuber,grefa,1
YouTuber,bach david,1
YouTuber,marta vidal,1
YouTuber,belgrado,1
YouTuber,katyn,1
YouTuber,tyler mist,1
YouTuber,tyler mí,1
YouTuber,tyler mis,1
YouTuber,marta grana,1
YouTuber,lópez,1
YouTuber,tony lópez,1
YouTuber,josh smith,1
YouTuber,josé julio,1
YouTuber,addison,1
YouTuber,allison,1
YouTuber,jay álvarez,1
YouTuber,nicholas sparks,1
YouTuber,christina,1
YouTuber,charly de infinito,1
YouTuber,david al alza,1
YouTuber,boy set,1
YouTuber,marta lozano,1
YouTuber,raquel rate,1
YouTuber,libia ra web,1
YouTuber,rosalía,6
YouTuber,josé luís,3
YouTuber,bush,1
YouTuber,davis,1
YouTuber,martino,1
YouTuber,rodar,1
YouTuber,nicki minaj,1
YouTuber,lily cross,1
YouTuber,chris wyles,1
YouTuber,lille,1
YouTuber,lily,1
YouTuber,vegeta,2
YouTuber,raquel reich,1
YouTuber,raquel,1
YouTuber,jean louis david,1
YouTuber,grande,1
YouTuber,sergio ramos,1
YouTuber,pilar rubio,1
YouTuber,anita,1
YouTuber,goya,1
YouTuber,dalí,1
YouTuber,marc anthony,1
YouTuber,bravo,1
YouTuber,marta sahagún,1
YouTuber,steve marta,1
YouTuber,kennedy jameson,1
YouTuber,will schuester,1
YouTuber,james franco,2
YouTuber,sevilla,1
YouTuber,xavi,1
YouTuber,david díaz,1
YouTuber,abel hernández,1
YouTuber,rocío,1
YouTuber,neus,1
YouTuber,wilder,1
YouTuber,wilders,1
YouTuber,rebeca stones,1
YouTuber,golding,1
YouTuber,asia,1
YouTuber,jordan 9,1
YouTuber,ethan logan,1
YouTuber,rosa díaz,1
YouTuber,jesús pérez,1
YouTuber,mickey,2
YouTuber,juanpa zurita,1
YouTuber,mario ruiz,1
YouTuber,cepeda,1
YouTuber,danny,4
YouTuber,miki,1
YouTuber,dax,1
YouTuber,alberto,1
YouTuber,manzano,2
YouTuber,pau tips,1
YouTuber,alfa,1
YouTuber,hannah montana,1
YouTuber,saleh ali saleh,1
YouTuber,dani clos,1
YouTuber,bellido,1
YouTuber,martorell,1
YouTuber,rocío camacho,1
YouTuber,juan pastor,1
YouTuber,gres,1
YouTuber,agustini,1
YouTuber,vélez,1
YouTuber,stalin,1
YouTuber,logan,1
YouTuber,david tang,1
YouTuber,kim cho,1
YouTuber,randolph,1
YouTuber,lohan,1
YouTuber,shutter,1
YouTuber,gref david,1
YouTuber,bill white,1
